<application>
  <component name="FileTypeManager" version="17">
    <ignoreFiles list="*$py.class;*.hprof;*.pyc;*.pyo;*.rbc;*.yarb;*~;.DS_Store;.git;.hg;.svn;CVS;__pycache__;_svn;vssver.scc;vssver2.scc;" />
    <extensionMap>
      <mapping ext="java" type="JavaFX" />
      <mapping pattern="INI.py" type="PLAIN_TEXT" />
      <mapping pattern=".suo" type="PLAIN_TEXT" />
      <mapping ext="sqlite" type="PLAIN_TEXT" />
      <mapping pattern="Conventor" type="Python" />
      <mapping pattern="INIREADER" type="Python" />
      <mapping ext="pyz" type="Python" />
      <mapping ext="pyx" type="Python" />
    </extensionMap>
  </component>
</application>