<application>
  <component name="ProjectJdkTable">
    <jdk version="2">
      <name value="Python 3.7" />
      <type value="Python SDK" />
      <version value="Python 3.7.3" />
      <homePath value="D:\Python\python.exe" />
      <roots>
        <classPath>
          <root type="composite">
            <root url="file://D:/Python/DLLs" type="simple" />
            <root url="file://D:/Python/Lib" type="simple" />
            <root url="file://D:/Python" type="simple" />
            <root url="file://D:/Python/Lib/site-packages" type="simple" />
            <root url="file://D:/Python/Lib/site-packages/scapy-git_archive.dev0e5416d0b-py3.7.egg" type="simple" />
            <root url="file://D:/Python/Lib/site-packages/win32" type="simple" />
            <root url="file://D:/Python/Lib/site-packages/win32/lib" type="simple" />
            <root url="file://D:/Python/Lib/site-packages/pythonwin" type="simple" />
            <root url="file://$USER_HOME$/.PyCharmCE2019.1/system/python_stubs/-643338342" type="simple" />
            <root url="file://$APPLICATION_HOME_DIR$/helpers/python-skeletons" type="simple" />
            <root url="file://$APPLICATION_HOME_DIR$/helpers/typeshed/stdlib/3" type="simple" />
            <root url="file://$APPLICATION_HOME_DIR$/helpers/typeshed/stdlib/2and3" type="simple" />
            <root url="file://$APPLICATION_HOME_DIR$/helpers/typeshed/third_party/3" type="simple" />
            <root url="file://$APPLICATION_HOME_DIR$/helpers/typeshed/third_party/2and3" type="simple" />
          </root>
        </classPath>
        <sourcePath>
          <root type="composite" />
        </sourcePath>
      </roots>
      <additional />
    </jdk>
    <jdk version="2">
      <name value="Python 3.7 (2)" />
      <type value="Python SDK" />
      <homePath value="C:\Users\mi\AppData\Local\Programs\Python\Python37-32\python.exe" />
      <roots>
        <classPath>
          <root type="composite">
            <root url="file://$USER_HOME$/AppData/Local/Programs/Python/Python37-32/DLLs" type="simple" />
            <root url="file://$USER_HOME$/AppData/Local/Programs/Python/Python37-32/Lib" type="simple" />
            <root url="file://$USER_HOME$/AppData/Local/Programs/Python/Python37-32" type="simple" />
            <root url="file://$USER_HOME$/AppData/Roaming/Python/Python37/site-packages" type="simple" />
            <root url="file://$USER_HOME$/AppData/Local/Programs/Python/Python37-32/Lib/site-packages" type="simple" />
            <root url="file://$USER_HOME$/.PyCharmCE2019.2/system/python_stubs/1886830898" type="simple" />
            <root url="file://$APPLICATION_HOME_DIR$/helpers/python-skeletons" type="simple" />
            <root url="file://$APPLICATION_HOME_DIR$/helpers/typeshed/stdlib/3" type="simple" />
            <root url="file://$APPLICATION_HOME_DIR$/helpers/typeshed/stdlib/2and3" type="simple" />
            <root url="file://$APPLICATION_HOME_DIR$/helpers/typeshed/third_party/3" type="simple" />
            <root url="file://$APPLICATION_HOME_DIR$/helpers/typeshed/third_party/2and3" type="simple" />
          </root>
        </classPath>
        <sourcePath>
          <root type="composite" />
        </sourcePath>
      </roots>
      <additional />
    </jdk>
    <jdk version="2">
      <name value="Python 3.8" />
      <type value="Python SDK" />
      <version value="Python 3.8.0" />
      <homePath value="D:\Program Files (x86)\Python38-32\python.exe" />
      <roots>
        <classPath>
          <root type="composite">
            <root url="file://D:/Program Files (x86)/Python38-32/DLLs" type="simple" />
            <root url="file://D:/Program Files (x86)/Python38-32/Lib" type="simple" />
            <root url="file://D:/Program Files (x86)/Python38-32" type="simple" />
            <root url="file://$USER_HOME$/AppData/Roaming/Python/Python38/site-packages" type="simple" />
            <root url="file://D:/Program Files (x86)/Python38-32/Lib/site-packages" type="simple" />
            <root url="file://D:/Program Files (x86)/Python38-32/Lib/site-packages/youtube_dl-2020.1.24-py3.8.egg" type="simple" />
            <root url="file://D:/Program Files (x86)/Python38-32/Lib/site-packages/win32" type="simple" />
            <root url="file://D:/Program Files (x86)/Python38-32/Lib/site-packages/win32/lib" type="simple" />
            <root url="file://D:/Program Files (x86)/Python38-32/Lib/site-packages/pythonwin" type="simple" />
            <root url="file://$USER_HOME$/.PyCharmCE2019.3/system/python_stubs/-1577715242" type="simple" />
            <root url="file://$APPLICATION_HOME_DIR$/plugins/python-ce/helpers/python-skeletons" type="simple" />
            <root url="file://$APPLICATION_HOME_DIR$/plugins/python-ce/helpers/typeshed/stdlib/3" type="simple" />
            <root url="file://$APPLICATION_HOME_DIR$/plugins/python-ce/helpers/typeshed/stdlib/2and3" type="simple" />
            <root url="file://$APPLICATION_HOME_DIR$/plugins/python-ce/helpers/typeshed/third_party/3" type="simple" />
            <root url="file://$APPLICATION_HOME_DIR$/plugins/python-ce/helpers/typeshed/third_party/2and3" type="simple" />
          </root>
        </classPath>
        <sourcePath>
          <root type="composite" />
        </sourcePath>
      </roots>
      <additional />
    </jdk>
  </component>
</application>