<profile version="1.0">
  <option name="myName" value="Default" />
  <inspection_tool class="PyAttributeOutsideInitInspection" enabled="false" level="WEAK WARNING" enabled_by_default="false" />
  <inspection_tool class="PyPep8Inspection" enabled="true" level="WEAK WARNING" enabled_by_default="true">
    <option name="ignoredErrors">
      <list>
        <option value="E702" />
        <option value="E501" />
        <option value="E303" />
        <option value="E701" />
        <option value="E122" />
        <option value="E111" />
        <option value="E117" />
      </list>
    </option>
  </inspection_tool>
  <inspection_tool class="PyPep8NamingInspection" enabled="true" level="WEAK WARNING" enabled_by_default="true">
    <option name="ignoredErrors">
      <list>
        <option value="N802" />
        <option value="N806" />
        <option value="N803" />
        <option value="N813" />
      </list>
    </option>
  </inspection_tool>
  <inspection_tool class="PyUnresolvedReferencesInspection" enabled="true" level="WARNING" enabled_by_default="true">
    <option name="ignoredIdentifiers">
      <list>
        <option value="cv2.__version__" />
        <option value="scapy.all.IP" />
        <option value="str.*" />
      </list>
    </option>
  </inspection_tool>
</profile>